{"AccumulationInvestment": 0.49374578407326547, "IncomeInvestment": 0.5154210421665686}